id,item_id,img,price,shipping
5c1e5f1321284,264098216435,https://i.ebayimg.com/thumbs/images/g/gvoAAOSwzgBY3bHr/s-l225.jpg,$1.00,""""""
5c1e5f132149b,192691533754,https://i.ebayimg.com/thumbs/images/g/kHIAAOSwKM9Zp6Ay/s-l225.jpg,$1.17,$0.21
5c1e5f1321739,273192937258,https://i.ebayimg.com/thumbs/images/g/JA4AAOSwPCFZp6Au/s-l225.jpg,$1.39,$0.29
5c1e5f1321a30,283144867355,https://i.ebayimg.com/thumbs/images/g/mfYAAOSwAFBZp6Aw/s-l225.jpg,$1.39,$0.29
5c1e5f1321e3f,132239932240,https://i.ebayimg.com/thumbs/images/g/i8gAAOSwz71ZU0L~/s-l225.jpg,$1.73,"Free International Shipping"
5c1e5f132221a,332734230497,https://i.ebayimg.com/thumbs/images/g/JA4AAOSwPCFZp6Au/s-l225.jpg,$1.89,$0.29
5c1e5f1322748,272735726654,https://i.ebayimg.com/thumbs/images/g/0sYAAOSwi8VZULca/s-l225.jpg,$2.18,"Free International Shipping"
5c1e5f1322c0b,132241370898,https://ir.ebaystatic.com/cr/v/c1/s_1x2.gif,$2.96,"Free International Shipping"
5c1e5f13230b6,192509701460,https://ir.ebaystatic.com/cr/v/c1/s_1x2.gif,$3.46,$4.65
5c1e5f13235ed,311904834833,https://ir.ebaystatic.com/cr/v/c1/s_1x2.gif,$3.79,"Free International Shipping"
5c1e5f1323b4c,352438710075,https://ir.ebaystatic.com/cr/v/c1/s_1x2.gif,$3.97,$1.98
5c1e5f13240ee,183357975407,https://ir.ebaystatic.com/cr/v/c1/s_1x2.gif,$4.08,"Free International Shipping"
5c1e5f13247a5,283066380405,https://ir.ebaystatic.com/cr/v/c1/s_1x2.gif,$4.20,"Free International Shipping"
5c1e5f1324ee9,312335045726,https://ir.ebaystatic.com/cr/v/c1/s_1x2.gif,$4.28,$43.24
5c1e5f132556b,223120059596,https://ir.ebaystatic.com/cr/v/c1/s_1x2.gif,$4.65,"Free International Shipping"
5c1e5f1325c53,142793658637,https://ir.ebaystatic.com/cr/v/c1/s_1x2.gif,$4.90,$7.90
5c1e5f13263fd,312382832482,https://ir.ebaystatic.com/cr/v/c1/s_1x2.gif,$4.96,$47.02
5c1e5f1326b9a,232835345907,https://ir.ebaystatic.com/cr/v/c1/s_1x2.gif,$4.99,$10.00
5c1e5f132736f,173395179222,https://ir.ebaystatic.com/cr/v/c1/s_1x2.gif,$4.99,$10.00
5c1e5f1327b8c,172753668577,https://ir.ebaystatic.com/cr/v/c1/s_1x2.gif,$5.02,$29.00
5c1e5f13283b0,192231550635,https://ir.ebaystatic.com/cr/v/c1/s_1x2.gif,$5.02,$29.00
5c1e5f1328bff,123554926844,https://ir.ebaystatic.com/cr/v/c1/s_1x2.gif,$5.09,"Free International Shipping"
5c1e5f13294b2,372427702323,https://ir.ebaystatic.com/cr/v/c1/s_1x2.gif,$5.23,"Free International Shipping"
5c1e5f1329e72,182642448071,https://ir.ebaystatic.com/cr/v/c1/s_1x2.gif,$5.73,$29.00
5c1e5f132a8cd,312361583164,https://ir.ebaystatic.com/cr/v/c1/s_1x2.gif,$5.76,$43.30
5c1e5f132b336,312351634556,https://ir.ebaystatic.com/cr/v/c1/s_1x2.gif,$5.78,$43.30
5c1e5f132bdc2,252706705796,https://ir.ebaystatic.com/cr/v/c1/s_1x2.gif,$5.90,$4.50
5c1e5f132c82b,182642448895,https://ir.ebaystatic.com/cr/v/c1/s_1x2.gif,$5.98,$29.00
5c1e5f132d2af,312392872811,https://ir.ebaystatic.com/cr/v/c1/s_1x2.gif,$5.98,$43.31
5c1e5f132de58,252707448468,https://ir.ebaystatic.com/cr/v/c1/s_1x2.gif,$5.99,$35.75
5c1e5f132ec94,181861577805,https://ir.ebaystatic.com/cr/v/c1/s_1x2.gif,$6.22,$29.00
5c1e5f132f886,401452576111,https://ir.ebaystatic.com/cr/v/c1/s_1x2.gif,$6.23,$13.75
5c1e5f13304fe,312391477858,https://ir.ebaystatic.com/cr/v/c1/s_1x2.gif,$6.34,$43.33
5c1e5f133118b,283105899640,https://ir.ebaystatic.com/cr/v/c1/s_1x2.gif,$6.49,$30.92
5c1e5f1331ecb,283105900622,https://ir.ebaystatic.com/cr/v/c1/s_1x2.gif,$6.49,$30.92
5c1e5f1332d77,372216128792,https://ir.ebaystatic.com/cr/v/c1/s_1x2.gif,$6.48,"Free International Shipping"
5c1e5f1333b80,312364522439,https://ir.ebaystatic.com/cr/v/c1/s_1x2.gif,$6.80,$43.35
5c1e5f1334900,302976961602,https://ir.ebaystatic.com/cr/v/c1/s_1x2.gif,$6.86,$2.28
5c1e5f13356eb,332640482042,https://ir.ebaystatic.com/cr/v/c1/s_1x2.gif,$6.99,$49.75
5c1e5f133668b,312361986015,https://ir.ebaystatic.com/cr/v/c1/s_1x2.gif,$7.02,$43.36
5c1e5f13375c5,312382739833,https://ir.ebaystatic.com/cr/v/c1/s_1x2.gif,$7.02,$43.36
5c1e5f1338509,312392805781,https://ir.ebaystatic.com/cr/v/c1/s_1x2.gif,$7.20,$43.37
5c1e5f13393e1,312363221852,https://ir.ebaystatic.com/cr/v/c1/s_1x2.gif,$7.26,$47.12
5c1e5f133a45d,312338568152,https://ir.ebaystatic.com/cr/v/c1/s_1x2.gif,$7.31,$47.12
5c1e5f133b51d,312335915876,https://ir.ebaystatic.com/cr/v/c1/s_1x2.gif,$7.36,$43.37
5c1e5f133c5bd,312334420233,https://ir.ebaystatic.com/cr/v/c1/s_1x2.gif,$7.42,$43.38
5c1e5f133d635,312377707570,https://ir.ebaystatic.com/cr/v/c1/s_1x2.gif,$7.43,$43.38
5c1e5f133e84f,232539578389,https://ir.ebaystatic.com/cr/v/c1/s_1x2.gif,$7.49,$49.75
5c1e5f133fa8b,312337442392,https://ir.ebaystatic.com/cr/v/c1/s_1x2.gif,$7.58,$51.14
5c1e5f1340bbb,312353846223,https://ir.ebaystatic.com/cr/v/c1/s_1x2.gif,$7.74,$43.39
5c1e5f1341d72,312345496221,https://ir.ebaystatic.com/cr/v/c1/s_1x2.gif,$7.85,$43.39
5c1e5f1342fcb,183554681261,https://ir.ebaystatic.com/cr/v/c1/s_1x2.gif,$7.99,""""""
5c1e5f13442bd,312358134128,https://ir.ebaystatic.com/cr/v/c1/s_1x2.gif,$8.06,$43.40
5c1e5f13455f2,312384663541,https://ir.ebaystatic.com/cr/v/c1/s_1x2.gif,$8.21,$43.41
5c1e5f1346985,312386898400,https://ir.ebaystatic.com/cr/v/c1/s_1x2.gif,$8.21,$43.41
5c1e5f1347d19,312357544736,https://ir.ebaystatic.com/cr/v/c1/s_1x2.gif,$8.22,$43.41
5c1e5f1349098,312351659226,https://ir.ebaystatic.com/cr/v/c1/s_1x2.gif,$8.36,$47.17
5c1e5f134a455,271777915222,https://ir.ebaystatic.com/cr/v/c1/s_1x2.gif,$8.45,$15.75
5c1e5f134b889,312343596595,https://ir.ebaystatic.com/cr/v/c1/s_1x2.gif,$8.45,$51.18
5c1e5f134ccab,272775761508,https://ir.ebaystatic.com/cr/v/c1/s_1x2.gif,$8.45,$15.75
5c1e5f134e188,312369419366,https://ir.ebaystatic.com/cr/v/c1/s_1x2.gif,$8.53,$47.17
5c1e5f134f761,312333654525,https://ir.ebaystatic.com/cr/v/c1/s_1x2.gif,$8.64,$43.43
5c1e5f1350e76,300991670988,https://ir.ebaystatic.com/cr/v/c1/s_1x2.gif,$8.73,$13.75
5c1e5f1352a74,172755341507,https://ir.ebaystatic.com/cr/v/c1/s_1x2.gif,$8.75,$29.00
5c1e5f135466b,312389337013,https://ir.ebaystatic.com/cr/v/c1/s_1x2.gif,$8.79,$51.20
5c1e5f135610f,312361926681,https://ir.ebaystatic.com/cr/v/c1/s_1x2.gif,$8.82,$43.44
5c1e5f1357927,312361613664,https://ir.ebaystatic.com/cr/v/c1/s_1x2.gif,$8.83,$43.44
5c1e5f1359110,252748757093,https://ir.ebaystatic.com/cr/v/c1/s_1x2.gif,$8.90,"Free International Shipping"
5c1e5f135aa4f,173342707950,https://ir.ebaystatic.com/cr/v/c1/s_1x2.gif,$8.94,""""""
5c1e5f135c3a9,312341317763,https://ir.ebaystatic.com/cr/v/c1/s_1x2.gif,$8.94,$43.44
5c1e5f135dc1f,172716163203,https://ir.ebaystatic.com/cr/v/c1/s_1x2.gif,$8.95,$42.89
5c1e5f135f5b4,192209140163,https://ir.ebaystatic.com/cr/v/c1/s_1x2.gif,$8.95,$54.76
5c1e5f1360f88,192210253639,https://ir.ebaystatic.com/cr/v/c1/s_1x2.gif,$8.95,$54.76
5c1e5f13629f8,182189309090,https://ir.ebaystatic.com/cr/v/c1/s_1x2.gif,$8.95,""""""
5c1e5f13644c5,232918744900,https://ir.ebaystatic.com/cr/v/c1/s_1x2.gif,$8.99,$49.75
5c1e5f1365eea,163207508080,https://ir.ebaystatic.com/cr/v/c1/s_1x2.gif,$9.00,""""""
5c1e5f1367a43,400565636585,https://ir.ebaystatic.com/cr/v/c1/s_1x2.gif,$9.03,$14.75
5c1e5f136943c,300959569834,https://ir.ebaystatic.com/cr/v/c1/s_1x2.gif,$9.09,$14.75
5c1e5f136b0f9,312361430377,https://ir.ebaystatic.com/cr/v/c1/s_1x2.gif,$9.24,$51.22
5c1e5f136cbda,312383647324,https://ir.ebaystatic.com/cr/v/c1/s_1x2.gif,$9.26,$55.33
5c1e5f136e6f2,272848616041,https://ir.ebaystatic.com/cr/v/c1/s_1x2.gif,$9.45,$49.75
5c1e5f1370340,291667889768,https://ir.ebaystatic.com/cr/v/c1/s_1x2.gif,$9.49,$23.00
5c1e5f1371f29,323604060181,https://ir.ebaystatic.com/cr/v/c1/s_1x2.gif,$9.50,$7.00
5c1e5f1373cad,163206829037,https://ir.ebaystatic.com/cr/v/c1/s_1x2.gif,$9.69,$5.00
5c1e5f1375920,163206856454,https://ir.ebaystatic.com/cr/v/c1/s_1x2.gif,$9.69,$5.00
5c1e5f1377664,312366344932,https://ir.ebaystatic.com/cr/v/c1/s_1x2.gif,$9.76,$43.48
5c1e5f137939d,292767306938,https://ir.ebaystatic.com/cr/v/c1/s_1x2.gif,$9.85,$13.75
5c1e5f137b1a4,401615613798,https://ir.ebaystatic.com/cr/v/c1/s_1x2.gif,$9.85,$13.75
5c1e5f137cf49,153281908761,https://ir.ebaystatic.com/cr/v/c1/s_1x2.gif,$9.89,""""""
5c1e5f137ee31,312340069336,https://ir.ebaystatic.com/cr/v/c1/s_1x2.gif,$9.90,$43.49
5c1e5f1380dce,283102200700,https://ir.ebaystatic.com/cr/v/c1/s_1x2.gif,$9.90,$31.08
5c1e5f1383220,312393382520,https://ir.ebaystatic.com/cr/v/c1/s_1x2.gif,$9.90,$43.49
5c1e5f13851f8,192672226620,https://ir.ebaystatic.com/cr/v/c1/s_1x2.gif,$9.95,$38.94
5c1e5f1387115,272412245488,https://ir.ebaystatic.com/cr/v/c1/s_1x2.gif,$9.95,$15.95
5c1e5f1389017,253382596831,https://ir.ebaystatic.com/cr/v/c1/s_1x2.gif,$9.95,$72.26
5c1e5f138b022,253896420446,https://ir.ebaystatic.com/cr/v/c1/s_1x2.gif,$9.99,""""""
5c1e5f138d0ea,254001461581,https://ir.ebaystatic.com/cr/v/c1/s_1x2.gif,$9.99,""""""
5c1e5f138f232,253959409813,https://ir.ebaystatic.com/cr/v/c1/s_1x2.gif,$9.99,""""""
5c1e5f1391438,382516570924,https://ir.ebaystatic.com/cr/v/c1/s_1x2.gif,$9.99,$34.99
5c1e5f13936a0,382516570927,https://ir.ebaystatic.com/cr/v/c1/s_1x2.gif,$9.99,$34.99
5c1e5f13958e7,192751957431,https://ir.ebaystatic.com/cr/v/c1/s_1x2.gif,$9.99,$35.03
5c1e5f1397ac5,173681774160,https://ir.ebaystatic.com/cr/v/c1/s_1x2.gif,$9.99,$42.69
5c1e5f1399ca3,253364035853,https://ir.ebaystatic.com/cr/v/c1/s_1x2.gif,$9.99,$38.74
5c1e5f139c0b9,253496625977,https://ir.ebaystatic.com/cr/v/c1/s_1x2.gif,$9.99,$69.27
5c1e5f139e5b3,253429747428,https://ir.ebaystatic.com/cr/v/c1/s_1x2.gif,$9.99,$69.27
5c1e5f13a10fd,253979599544,https://ir.ebaystatic.com/cr/v/c1/s_1x2.gif,$9.99,""""""
5c1e5f13a8e14,253435588342,https://ir.ebaystatic.com/cr/v/c1/s_1x2.gif,$9.99,$69.27
5c1e5f13ae66c,253435597137,https://ir.ebaystatic.com/cr/v/c1/s_1x2.gif,$9.99,$69.27
5c1e5f13b52ac,232126524215,https://ir.ebaystatic.com/cr/v/c1/s_1x2.gif,$9.99,$49.75
5c1e5f13bb469,162768767461,https://ir.ebaystatic.com/cr/v/c1/s_1x2.gif,$9.99,"Free International Shipping"
5c1e5f13bdf89,290997413269,https://ir.ebaystatic.com/cr/v/c1/s_1x2.gif,$9.99,$13.75
5c1e5f13caca3,254035555929,https://ir.ebaystatic.com/cr/v/c1/s_1x2.gif,"$10.00
$35.00
",""""""
5c1e5f13d1c37,183354899478,https://ir.ebaystatic.com/cr/v/c1/s_1x2.gif,$10.00,$10.00
5c1e5f13d7f12,183354907003,https://ir.ebaystatic.com/cr/v/c1/s_1x2.gif,$10.00,$70.00
5c1e5f13da560,301858399367,https://ir.ebaystatic.com/cr/v/c1/s_1x2.gif,$10.14,$13.75
5c1e5f13dcc87,312384739619,https://ir.ebaystatic.com/cr/v/c1/s_1x2.gif,$10.18,$55.37
5c1e5f13df2e7,291679264201,https://ir.ebaystatic.com/cr/v/c1/s_1x2.gif,$10.19,$13.75
5c1e5f13e1b2a,291669623721,https://ir.ebaystatic.com/cr/v/c1/s_1x2.gif,$10.19,$13.75
5c1e5f13e43ff,401061187813,https://ir.ebaystatic.com/cr/v/c1/s_1x2.gif,$10.19,$13.75
5c1e5f13e729b,291671722890,https://ir.ebaystatic.com/cr/v/c1/s_1x2.gif,$10.19,$13.75
5c1e5f13ea1d1,300964671150,https://ir.ebaystatic.com/cr/v/c1/s_1x2.gif,$10.19,$14.75
5c1e5f13ed4d9,400573000247,https://ir.ebaystatic.com/cr/v/c1/s_1x2.gif,$10.19,$14.75
5c1e5f13eff3a,312382599789,https://ir.ebaystatic.com/cr/v/c1/s_1x2.gif,$10.21,$99.63
5c1e5f13f2aa9,312355641330,https://ir.ebaystatic.com/cr/v/c1/s_1x2.gif,$10.39,$51.27
5c1e5f14012ce,290724882408,https://ir.ebaystatic.com/cr/v/c1/s_1x2.gif,$10.49,$13.75
5c1e5f1403bd5,312351827398,https://ir.ebaystatic.com/cr/v/c1/s_1x2.gif,$10.87,$47.28
5c1e5f1406698,312334839724,https://ir.ebaystatic.com/cr/v/c1/s_1x2.gif,$10.95,$51.29
5c1e5f140907d,312342795037,https://ir.ebaystatic.com/cr/v/c1/s_1x2.gif,$10.95,$51.29
5c1e5f140bb3e,312388070331,https://ir.ebaystatic.com/cr/v/c1/s_1x2.gif,$10.95,$51.29
5c1e5f140e72a,232179681128,https://ir.ebaystatic.com/cr/v/c1/s_1x2.gif,$10.99,$49.75
5c1e5f1411400,232243839439,https://ir.ebaystatic.com/cr/v/c1/s_1x2.gif,$10.99,$49.75
5c1e5f1413e91,312337241913,https://ir.ebaystatic.com/cr/v/c1/s_1x2.gif,$11.00,$43.53
5c1e5f14169e8,312355323321,https://ir.ebaystatic.com/cr/v/c1/s_1x2.gif,$11.10,$51.30
5c1e5f1419735,312381213811,https://ir.ebaystatic.com/cr/v/c1/s_1x2.gif,$11.43,$51.31
5c1e5f141c551,312388720918,https://ir.ebaystatic.com/cr/v/c1/s_1x2.gif,$11.43,$43.55
5c1e5f141f2a8,312389056473,https://ir.ebaystatic.com/cr/v/c1/s_1x2.gif,$11.43,$51.31
5c1e5f1421f69,312358565660,https://ir.ebaystatic.com/cr/v/c1/s_1x2.gif,$11.44,$43.55
5c1e5f1424d6e,312359858453,https://ir.ebaystatic.com/cr/v/c1/s_1x2.gif,$11.44,$51.31
5c1e5f1427c78,312365435449,https://ir.ebaystatic.com/cr/v/c1/s_1x2.gif,$11.44,$43.55
5c1e5f142ada5,312348810036,https://ir.ebaystatic.com/cr/v/c1/s_1x2.gif,$11.45,$43.55
5c1e5f142dccf,142999332816,https://ir.ebaystatic.com/cr/v/c1/s_1x2.gif,$11.45,$35.05
5c1e5f1430d2a,312387628183,https://ir.ebaystatic.com/cr/v/c1/s_1x2.gif,$11.50,$39.65
5c1e5f1433bf7,401059099228,https://ir.ebaystatic.com/cr/v/c1/s_1x2.gif,$11.69,$13.75
5c1e5f1436c54,312345292085,https://ir.ebaystatic.com/cr/v/c1/s_1x2.gif,$11.85,$43.57
5c1e5f1439d98,312339473750,https://ir.ebaystatic.com/cr/v/c1/s_1x2.gif,$11.94,$51.34
5c1e5f143cf85,312340948262,https://ir.ebaystatic.com/cr/v/c1/s_1x2.gif,$11.94,$43.58
5c1e5f14401ce,312355940889,https://ir.ebaystatic.com/cr/v/c1/s_1x2.gif,$11.94,$51.34
5c1e5f1443399,282123340497,https://ir.ebaystatic.com/cr/v/c1/s_1x2.gif,$11.95,$49.75
5c1e5f1446a30,332436785534,https://ir.ebaystatic.com/cr/v/c1/s_1x2.gif,$11.99,$49.75
5c1e5f144a241,352534347818,https://ir.ebaystatic.com/cr/v/c1/s_1x2.gif,$11.99,$15.00
5c1e5f144d413,331945494593,https://ir.ebaystatic.com/cr/v/c1/s_1x2.gif,$11.99,$49.75
5c1e5f1450536,253568431032,https://ir.ebaystatic.com/cr/v/c1/s_1x2.gif,$11.99,$69.36
5c1e5f145393b,282155602825,https://ir.ebaystatic.com/cr/v/c1/s_1x2.gif,$11.99,$35.08
5c1e5f1456de1,272997869479,https://ir.ebaystatic.com/cr/v/c1/s_1x2.gif,$11.99,"Free International Shipping"
5c1e5f145a4fc,312353099913,https://ir.ebaystatic.com/cr/v/c1/s_1x2.gif,$12.07,$43.58
5c1e5f145d95a,123050591853,https://ir.ebaystatic.com/cr/v/c1/s_1x2.gif,$12.11,$95.45
5c1e5f1460d35,301859581747,https://ir.ebaystatic.com/cr/v/c1/s_1x2.gif,$12.13,$13.75
5c1e5f146417d,401133958117,https://ir.ebaystatic.com/cr/v/c1/s_1x2.gif,$12.19,$13.75
5c1e5f1467775,290860851537,https://ir.ebaystatic.com/cr/v/c1/s_1x2.gif,$12.19,$23.00
5c1e5f146ac16,401066019181,https://ir.ebaystatic.com/cr/v/c1/s_1x2.gif,$12.19,$13.75
5c1e5f146e0d6,312383608675,https://ir.ebaystatic.com/cr/v/c1/s_1x2.gif,$12.23,$43.59
5c1e5f1471690,312385213514,https://ir.ebaystatic.com/cr/v/c1/s_1x2.gif,$12.23,$43.59
5c1e5f1474e22,332879904116,https://ir.ebaystatic.com/cr/v/c1/s_1x2.gif,$12.33,""""""
5c1e5f147860c,183078805292,https://ir.ebaystatic.com/cr/v/c1/s_1x2.gif,$12.38,$23.00
5c1e5f147bc49,312351921071,https://ir.ebaystatic.com/cr/v/c1/s_1x2.gif,$12.39,$47.35
5c1e5f147f2da,312336347373,https://ir.ebaystatic.com/cr/v/c1/s_1x2.gif,$12.47,$43.60
5c1e5f1482a8f,312337673245,https://ir.ebaystatic.com/cr/v/c1/s_1x2.gif,$12.47,$43.60
5c1e5f14863a5,312353341135,https://ir.ebaystatic.com/cr/v/c1/s_1x2.gif,$12.55,$47.35
5c1e5f1489a9b,182609988728,https://ir.ebaystatic.com/cr/v/c1/s_1x2.gif,$12.60,$39.00
5c1e5f148d0d6,312334514577,https://ir.ebaystatic.com/cr/v/c1/s_1x2.gif,$12.80,$43.61
5c1e5f149086c,312334553745,https://ir.ebaystatic.com/cr/v/c1/s_1x2.gif,$12.80,$43.61
5c1e5f149417a,312332839790,https://ir.ebaystatic.com/cr/v/c1/s_1x2.gif,$12.81,$47.37
5c1e5f14979c7,162910010037,https://ir.ebaystatic.com/cr/v/c1/s_1x2.gif,$12.88,$23.00
5c1e5f149b36e,232001139182,https://ir.ebaystatic.com/cr/v/c1/s_1x2.gif,$12.89,""""""
5c1e5f149eb60,142715618948,https://ir.ebaystatic.com/cr/v/c1/s_1x2.gif,$12.90,$1.90
5c1e5f14a24d1,173604425266,https://ir.ebaystatic.com/cr/v/c1/s_1x2.gif,$12.95,$35.16
5c1e5f14a5dd1,191993042806,https://ir.ebaystatic.com/cr/v/c1/s_1x2.gif,$12.95,$34.16
5c1e5f14a9be2,352481255081,https://ir.ebaystatic.com/cr/v/c1/s_1x2.gif,$12.95,$35.12
5c1e5f14ad6a3,281928918864,https://ir.ebaystatic.com/cr/v/c1/s_1x2.gif,$12.99,""""""
5c1e5f14b105c,223201498192,https://ir.ebaystatic.com/cr/v/c1/s_1x2.gif,$12.99,$12.95
5c1e5f14b4b6c,332604069067,https://ir.ebaystatic.com/cr/v/c1/s_1x2.gif,$12.99,$49.75
5c1e5f14b8788,291175143458,https://ir.ebaystatic.com/cr/v/c1/s_1x2.gif,$12.99,$13.75
5c1e5f14bc312,253797287197,https://ir.ebaystatic.com/cr/v/c1/s_1x2.gif,$12.99,""""""
5c1e5f14bfea2,231728642585,https://ir.ebaystatic.com/cr/v/c1/s_1x2.gif,$12.99,$49.75
5c1e5f14c3b6d,221704213176,https://ir.ebaystatic.com/cr/v/c1/s_1x2.gif,$12.99,$12.95
5c1e5f14c78a3,332803220595,https://ir.ebaystatic.com/cr/v/c1/s_1x2.gif,$12.99,$49.75
5c1e5f14cb584,312346902390,https://ir.ebaystatic.com/cr/v/c1/s_1x2.gif,$13.03,$43.62
5c1e5f14cf5bc,312393529345,https://ir.ebaystatic.com/cr/v/c1/s_1x2.gif,$13.23,$47.38
5c1e5f14d33d8,151775514103,https://ir.ebaystatic.com/cr/v/c1/s_1x2.gif,$13.29,$4.49
5c1e5f14d738c,162905622563,https://ir.ebaystatic.com/cr/v/c1/s_1x2.gif,$13.37,$23.00
5c1e5f14db10e,162905623809,https://ir.ebaystatic.com/cr/v/c1/s_1x2.gif,$13.37,$23.00
5c1e5f14dee8f,291115435341,https://ir.ebaystatic.com/cr/v/c1/s_1x2.gif,$13.49,$13.75
5c1e5f14e2dc7,290994595474,https://ir.ebaystatic.com/cr/v/c1/s_1x2.gif,$13.49,$13.75
5c1e5f14e6e03,291190985147,https://ir.ebaystatic.com/cr/v/c1/s_1x2.gif,$13.49,$23.00
5c1e5f14ead13,291165326604,https://ir.ebaystatic.com/cr/v/c1/s_1x2.gif,$13.79,$13.75
5c1e5f14eebb3,283205577946,https://ir.ebaystatic.com/cr/v/c1/s_1x2.gif,$13.85,$31.25
5c1e5f14f2acf,253090113730,https://ir.ebaystatic.com/cr/v/c1/s_1x2.gif,$13.90,$10.92
5c1e5f1502a53,181939457894,https://ir.ebaystatic.com/cr/v/c1/s_1x2.gif,$13.95,$42.93
5c1e5f1506f3e,312362125294,https://ir.ebaystatic.com/cr/v/c1/s_1x2.gif,$13.97,$43.67
5c1e5f150b082,182642462586,https://ir.ebaystatic.com/cr/v/c1/s_1x2.gif,$13.97,$29.00
